asset,first_day_raw_pc1_evr
BTC,0.9302188864137723
ETH,0.7940573471701655
SOL,0.917641856581766
XRP,0.9140093079598959

