source,out_strength
ETH,3.089627619982487e-05
XRP,2.6432770939271288e-05
SOL,1.5134628129740332e-05
BTC,9.0074395725811e-06

